{"effect_changes":[],"effect_entries":[{"effect":"Attacken können keinen kritischen Treffer landen.\n\nDiese Fähigkeit ist identisch mit shell armor.","language":{"name":"de","url":"https://pokeapi.co/api/v2/language/6/"},"short_effect":"Schützt vor kritischen Treffern."},{"effect":"Moves cannot score critical hits against this Pokémon.\n\nThis ability functions identically to shell armor.","language":{"name":"en","url":"https://pokeapi.co/api/v2/language/9/"},"short_effect":"Protects against critical hits."}],"flavor_text_entries":[{"flavor_text":"Blocks critical hits.","language":{"name":"en","url":"https://pokeapi.co/api/v2/language/9/"},"version_group":{"name":"ruby-sapphire","url":"https://pokeapi.co/api/v2/version-group/5/"}},{"flavor_text":"Blocks critical hits.","language":{"name":"en","url":"https://pokeapi.co/api/v2/language/9/"},"version_group":{"name":"emerald","url":"https://pokeapi.co/api/v2/version-group/6/"}},{"flavor_text":"Blocks critical hits.","language":{"name":"en","url":"https://pokeapi.co/api/v2/language/9/"},"version_group":{"name":"firered-leafgreen","url":"https://pokeapi.co/api/v2/version-group/7/"}},{"flavor_text":"The Pokémon is protected\nagainst critical hits.","language":{"name":"en","url":"https://pokeapi.co/api/v2/language/9/"},"version_group":{"name":"diamond-pearl","url":"https://pokeapi.co/api/v2/version-group/8/"}},{"flavor_text":"The Pokémon is protected\nagainst critical hits.","language":{"name":"en","url":"https://pokeapi.co/api/v2/language/9/"},"version_group":{"name":"platinum","url":"https://pokeapi.co/api/v2/version-group/9/"}},{"flavor_text":"The Pokémon is protected\nagainst critical hits.","language":{"name":"en","url":"https://pokeapi.co/api/v2/language/9/"},"version_group":{"name":"heartgold-soulsilver","url":"https://pokeapi.co/api/v2/version-group/10/"}},{"flavor_text":"Le Pokémon est protégé\ndes coups critiques.","language":{"name":"fr","url":"https://pokeapi.co/api/v2/language/5/"},"version_group":{"name":"black-white","url":"https://pokeapi.co/api/v2/version-group/11/"}},{"flavor_text":"The Pokémon is protected\nagainst critical hits.","language":{"name":"en","url":"https://pokeapi.co/api/v2/language/9/"},"version_group":{"name":"black-white","url":"https://pokeapi.co/api/v2/version-group/11/"}},{"flavor_text":"The Pokémon is protected\nagainst critical hits.","language":{"name":"en","url":"https://pokeapi.co/api/v2/language/9/"},"version_group":{"name":"black-2-white-2","url":"https://pokeapi.co/api/v2/version-group/14/"}},{"flavor_text":"あいての　こうげきが\nきゅうしょに　あたらない。","language":{"name":"ja-Hrkt","url":"https://pokeapi.co/api/v2/language/1/"},"version_group":{"name":"x-y","url":"https://pokeapi.co/api/v2/version-group/15/"}},{"flavor_text":"상대의 공격이\n급소에 맞지 않는다.","language":{"name":"ko","url":"https://pokeapi.co/api/v2/language/3/"},"version_group":{"name":"x-y","url":"https://pokeapi.co/api/v2/version-group/15/"}},{"flavor_text":"Le Pokémon est protégé des\ncoups critiques.","language":{"name":"fr","url":"https://pokeapi.co/api/v2/language/5/"},"version_group":{"name":"x-y","url":"https://pokeapi.co/api/v2/version-group/15/"}},{"flavor_text":"Wehrt gegnerische Volltreffer ab.","language":{"name":"de","url":"https://pokeapi.co/api/v2/language/6/"},"version_group":{"name":"x-y","url":"https://pokeapi.co/api/v2/version-group/15/"}},{"flavor_text":"Bloquea golpes críticos.","language":{"name":"es","url":"https://pokeapi.co/api/v2/language/7/"},"version_group":{"name":"x-y","url":"https://pokeapi.co/api/v2/version-group/15/"}},{"flavor_text":"Evita che il Pokémon subisca\nbrutti colpi.","language":{"name":"it","url":"https://pokeapi.co/api/v2/language/8/"},"version_group":{"name":"x-y","url":"https://pokeapi.co/api/v2/version-group/15/"}},{"flavor_text":"Protects the Pokémon\nfrom critical hits.","language":{"name":"en","url":"https://pokeapi.co/api/v2/language/9/"},"version_group":{"name":"x-y","url":"https://pokeapi.co/api/v2/version-group/15/"}},{"flavor_text":"相手の　攻撃が\n急所に　当たらない。","language":{"name":"ja","url":"https://pokeapi.co/api/v2/language/11/"},"version_group":{"name":"x-y","url":"https://pokeapi.co/api/v2/version-group/15/"}},{"flavor_text":"あいての　こうげきが\nきゅうしょに　あたらない。","language":{"name":"ja-Hrkt","url":"https://pokeapi.co/api/v2/language/1/"},"version_group":{"name":"omega-ruby-alpha-sapphire","url":"https://pokeapi.co/api/v2/version-group/16/"}},{"flavor_text":"상대의 공격이\n급소에 맞지 않는다.","language":{"name":"ko","url":"https://pokeapi.co/api/v2/language/3/"},"version_group":{"name":"omega-ruby-alpha-sapphire","url":"https://pokeapi.co/api/v2/version-group/16/"}},{"flavor_text":"Le Pokémon est protégé des\ncoups critiques.","language":{"name":"fr","url":"https://pokeapi.co/api/v2/language/5/"},"version_group":{"name":"omega-ruby-alpha-sapphire","url":"https://pokeapi.co/api/v2/version-group/16/"}},{"flavor_text":"Wehrt gegnerische Volltreffer ab.","language":{"name":"de","url":"https://pokeapi.co/api/v2/language/6/"},"version_group":{"name":"omega-ruby-alpha-sapphire","url":"https://pokeapi.co/api/v2/version-group/16/"}},{"flavor_text":"Bloquea los golpes críticos.","language":{"name":"es","url":"https://pokeapi.co/api/v2/language/7/"},"version_group":{"name":"omega-ruby-alpha-sapphire","url":"https://pokeapi.co/api/v2/version-group/16/"}},{"flavor_text":"Evita che il Pokémon subisca\nbrutti colpi.","language":{"name":"it","url":"https://pokeapi.co/api/v2/language/8/"},"version_group":{"name":"omega-ruby-alpha-sapphire","url":"https://pokeapi.co/api/v2/version-group/16/"}},{"flavor_text":"Protects the Pokémon\nfrom critical hits.","language":{"name":"en","url":"https://pokeapi.co/api/v2/language/9/"},"version_group":{"name":"omega-ruby-alpha-sapphire","url":"https://pokeapi.co/api/v2/version-group/16/"}},{"flavor_text":"相手の　攻撃が\n急所に　当たらない。","language":{"name":"ja","url":"https://pokeapi.co/api/v2/language/11/"},"version_group":{"name":"omega-ruby-alpha-sapphire","url":"https://pokeapi.co/api/v2/version-group/16/"}},{"flavor_text":"かたい　こうらに　まもられて\nあいての　こうげきが\nきゅうしょに　あたらない。","language":{"name":"ja-Hrkt","url":"https://pokeapi.co/api/v2/language/1/"},"version_group":{"name":"sun-moon","url":"https://pokeapi.co/api/v2/version-group/17/"}},{"flavor_text":"단단한 껍질에 보호받아\n상대의 공격이\n급소에 맞지 않는다.","language":{"name":"ko","url":"https://pokeapi.co/api/v2/language/3/"},"version_group":{"name":"sun-moon","url":"https://pokeapi.co/api/v2/version-group/17/"}},{"flavor_text":"被堅硬的甲殼守護著，\n不會被對手的攻擊擊中要害。","language":{"name":"zh-Hant","url":"https://pokeapi.co/api/v2/language/4/"},"version_group":{"name":"sun-moon","url":"https://pokeapi.co/api/v2/version-group/17/"}},{"flavor_text":"Le Pokémon est protégé des coups critiques\npar une solide carapace.","language":{"name":"fr","url":"https://pokeapi.co/api/v2/language/5/"},"version_group":{"name":"sun-moon","url":"https://pokeapi.co/api/v2/version-group/17/"}},{"flavor_text":"Wehrt gegnerische Volltreffer mit einem harten\nPanzer ab.","language":{"name":"de","url":"https://pokeapi.co/api/v2/language/6/"},"version_group":{"name":"sun-moon","url":"https://pokeapi.co/api/v2/version-group/17/"}},{"flavor_text":"La robusta coraza que lo protege bloquea los golpes\ncríticos.","language":{"name":"es","url":"https://pokeapi.co/api/v2/language/7/"},"version_group":{"name":"sun-moon","url":"https://pokeapi.co/api/v2/version-group/17/"}},{"flavor_text":"Il Pokémon è protetto da una dura corazza\nche gli evita di subire brutti colpi.","language":{"name":"it","url":"https://pokeapi.co/api/v2/language/8/"},"version_group":{"name":"sun-moon","url":"https://pokeapi.co/api/v2/version-group/17/"}},{"flavor_text":"Hard armor protects the Pokémon from critical hits.","language":{"name":"en","url":"https://pokeapi.co/api/v2/language/9/"},"version_group":{"name":"sun-moon","url":"https://pokeapi.co/api/v2/version-group/17/"}},{"flavor_text":"硬い　甲羅に　守られて\n相手の　攻撃が\n急所に　当たらない。","language":{"name":"ja","url":"https://pokeapi.co/api/v2/language/11/"},"version_group":{"name":"sun-moon","url":"https://pokeapi.co/api/v2/version-group/17/"}},{"flavor_text":"被坚硬的甲壳守护着，\n不会被对手的攻击击中要害。","language":{"name":"zh-Hans","url":"https://pokeapi.co/api/v2/language/12/"},"version_group":{"name":"sun-moon","url":"https://pokeapi.co/api/v2/version-group/17/"}},{"flavor_text":"かたい　こうらに　まもられて\nあいての　こうげきが\nきゅうしょに　あたらない。","language":{"name":"ja-Hrkt","url":"https://pokeapi.co/api/v2/language/1/"},"version_group":{"name":"ultra-sun-ultra-moon","url":"https://pokeapi.co/api/v2/version-group/18/"}},{"flavor_text":"단단한 껍질에 보호받아\n상대의 공격이\n급소에 맞지 않는다.","language":{"name":"ko","url":"https://pokeapi.co/api/v2/language/3/"},"version_group":{"name":"ultra-sun-ultra-moon","url":"https://pokeapi.co/api/v2/version-group/18/"}},{"flavor_text":"被堅硬的甲殼守護著，\n不會被對手的攻擊擊中要害。","language":{"name":"zh-Hant","url":"https://pokeapi.co/api/v2/language/4/"},"version_group":{"name":"ultra-sun-ultra-moon","url":"https://pokeapi.co/api/v2/version-group/18/"}},{"flavor_text":"Le Pokémon est protégé des coups critiques\npar une solide carapace.","language":{"name":"fr","url":"https://pokeapi.co/api/v2/language/5/"},"version_group":{"name":"ultra-sun-ultra-moon","url":"https://pokeapi.co/api/v2/version-group/18/"}},{"flavor_text":"Wehrt gegnerische Volltreffer mit einem harten\nPanzer ab.","language":{"name":"de","url":"https://pokeapi.co/api/v2/language/6/"},"version_group":{"name":"ultra-sun-ultra-moon","url":"https://pokeapi.co/api/v2/version-group/18/"}},{"flavor_text":"La robusta coraza que lo protege bloquea los golpes\ncríticos.","language":{"name":"es","url":"https://pokeapi.co/api/v2/language/7/"},"version_group":{"name":"ultra-sun-ultra-moon","url":"https://pokeapi.co/api/v2/version-group/18/"}},{"flavor_text":"Il Pokémon è protetto da una dura corazza\nche gli evita di subire brutti colpi.","language":{"name":"it","url":"https://pokeapi.co/api/v2/language/8/"},"version_group":{"name":"ultra-sun-ultra-moon","url":"https://pokeapi.co/api/v2/version-group/18/"}},{"flavor_text":"Hard armor protects the Pokémon from critical hits.","language":{"name":"en","url":"https://pokeapi.co/api/v2/language/9/"},"version_group":{"name":"ultra-sun-ultra-moon","url":"https://pokeapi.co/api/v2/version-group/18/"}},{"flavor_text":"硬い　甲羅に　守られて\n相手の　攻撃が\n急所に　当たらない。","language":{"name":"ja","url":"https://pokeapi.co/api/v2/language/11/"},"version_group":{"name":"ultra-sun-ultra-moon","url":"https://pokeapi.co/api/v2/version-group/18/"}},{"flavor_text":"被坚硬的甲壳守护着，\n不会被对手的攻击击中要害。","language":{"name":"zh-Hans","url":"https://pokeapi.co/api/v2/language/12/"},"version_group":{"name":"ultra-sun-ultra-moon","url":"https://pokeapi.co/api/v2/version-group/18/"}}],"generation":{"name":"generation-iii","url":"https://pokeapi.co/api/v2/generation/3/"},"id":4,"is_main_series":true,"name":"battle-armor","names":[{"language":{"name":"ja-Hrkt","url":"https://pokeapi.co/api/v2/language/1/"},"name":"カブトアーマー"},{"language":{"name":"ko","url":"https://pokeapi.co/api/v2/language/3/"},"name":"전투무장"},{"language":{"name":"zh-Hant","url":"https://pokeapi.co/api/v2/language/4/"},"name":"戰鬥盔甲"},{"language":{"name":"fr","url":"https://pokeapi.co/api/v2/language/5/"},"name":"Armurbaston"},{"language":{"name":"de","url":"https://pokeapi.co/api/v2/language/6/"},"name":"Kampfpanzer"},{"language":{"name":"es","url":"https://pokeapi.co/api/v2/language/7/"},"name":"Armadura Batalla"},{"language":{"name":"it","url":"https://pokeapi.co/api/v2/language/8/"},"name":"Lottascudo"},{"language":{"name":"en","url":"https://pokeapi.co/api/v2/language/9/"},"name":"Battle Armor"},{"language":{"name":"ja","url":"https://pokeapi.co/api/v2/language/11/"},"name":"カブトアーマー"},{"language":{"name":"zh-Hans","url":"https://pokeapi.co/api/v2/language/12/"},"name":"战斗盔甲"}],"pokemon":[{"is_hidden":true,"pokemon":{"name":"cubone","url":"https://pokeapi.co/api/v2/pokemon/104/"},"slot":3},{"is_hidden":true,"pokemon":{"name":"marowak","url":"https://pokeapi.co/api/v2/pokemon/105/"},"slot":3},{"is_hidden":false,"pokemon":{"name":"kabuto","url":"https://pokeapi.co/api/v2/pokemon/140/"},"slot":2},{"is_hidden":false,"pokemon":{"name":"kabutops","url":"https://pokeapi.co/api/v2/pokemon/141/"},"slot":2},{"is_hidden":false,"pokemon":{"name":"anorith","url":"https://pokeapi.co/api/v2/pokemon/347/"},"slot":1},{"is_hidden":false,"pokemon":{"name":"armaldo","url":"https://pokeapi.co/api/v2/pokemon/348/"},"slot":1},{"is_hidden":false,"pokemon":{"name":"skorupi","url":"https://pokeapi.co/api/v2/pokemon/451/"},"slot":1},{"is_hidden":false,"pokemon":{"name":"drapion","url":"https://pokeapi.co/api/v2/pokemon/452/"},"slot":1},{"is_hidden":false,"pokemon":{"name":"type-null","url":"https://pokeapi.co/api/v2/pokemon/772/"},"slot":1},{"is_hidden":false,"pokemon":{"name":"perrserker","url":"https://pokeapi.co/api/v2/pokemon/863/"},"slot":1},{"is_hidden":false,"pokemon":{"name":"falinks","url":"https://pokeapi.co/api/v2/pokemon/870/"},"slot":1}]}